{
  "n_layers": 36,
  "d_model": 4096,
  "n_pairs": 200,
  "n_examples": 400,
  "best_layer_ground_truth_pca": 31,
  "best_accuracy_ground_truth_pca": 0.6,
  "per_layer": {
    "Correctness (no PCA)": [
      0.5075000000000001,
      0.5025,
      0.4875,
      0.5050000000000001,
      0.4925,
      0.485,
      0.5,
      0.4774999999999999,
      0.48,
      0.49499999999999994,
      0.505,
      0.5025,
      0.5,
      0.49749999999999994,
      0.5175000000000001,
      0.5,
      0.4875,
      0.505,
      0.49750000000000005,
      0.5075000000000001,
      0.5449999999999999,
      0.5275000000000001,
      0.5025000000000001,
      0.5325,
      0.5225,
      0.5425,
      0.525,
      0.5349999999999999,
      0.5175,
      0.515,
      0.53,
      0.5375,
      0.5475000000000001,
      0.5275000000000001,
      0.54,
      0.53
    ],
    "Correctness + PCA-50": [
      0.51,
      0.52,
      0.49749999999999994,
      0.47750000000000004,
      0.5225,
      0.49750000000000005,
      0.5075,
      0.49250000000000005,
      0.4925,
      0.5225,
      0.5199999999999999,
      0.5125,
      0.4999999999999999,
      0.5075000000000001,
      0.5075000000000001,
      0.5225000000000001,
      0.515,
      0.5225,
      0.5175,
      0.5174999999999998,
      0.5525,
      0.5525,
      0.5475,
      0.575,
      0.5974999999999999,
      0.6050000000000001,
      0.59,
      0.5825,
      0.6025,
      0.5875,
      0.61,
      0.575,
      0.58,
      0.5825,
      0.5725,
      0.575
    ],
    "Ground truth + PCA-50": [
      0.4725,
      0.475,
      0.48250000000000004,
      0.48,
      0.49000000000000005,
      0.48250000000000004,
      0.5025000000000001,
      0.49250000000000005,
      0.5125000000000001,
      0.5149999999999999,
      0.515,
      0.51,
      0.525,
      0.52,
      0.5225,
      0.5125,
      0.5349999999999999,
      0.51,
      0.5175,
      0.5049999999999999,
      0.5325,
      0.5475000000000001,
      0.5475,
      0.585,
      0.5925,
      0.5875,
      0.5725,
      0.575,
      0.58,
      0.5675,
      0.58,
      0.6,
      0.595,
      0.5875,
      0.58,
      0.5875
    ]
  },
  "domain_accuracies_at_best_layer": {
    "time": 0.6023809523809524,
    "social": 0.5955555555555556,
    "temporal": 0.5700000000000001
  }
}